"Campaign","Ad group","Status","Max CPC (BRL)","Final URL"
"SS | Search | Creatina | Teste PA","Creatina - comparacao","Enabled","0.70","https://suplescore.com.br/creatina"
"SS | Search | Creatina | Teste PA","Creatina - Max Titanium","Enabled","0.50","https://suplescore.com.br/creatina/max-titanium-creatina-300g"
"SS | Search | Creatina | Teste PA","Creatina - Black Skull","Enabled","0.50","https://suplescore.com.br/creatina/black-skull-creatina-300g"
"SS | Search | Creatina | Teste PA","Creatina - Probiotica","Enabled","0.50","https://suplescore.com.br/creatina/probiotica-creatina-300g"
"SS | Search | Creatina | Teste PA","Creatina - Atlhetica","Enabled","0.50","https://suplescore.com.br/creatina/atlhetica-creatina-300g"
"SS | Search | Creatina | Teste PA","Creatina - Optimum Nutrition","Enabled","0.50","https://suplescore.com.br/creatina/optimum-nutrition-creatine-300g"
"SS | Search | Outros PA | Teste","Pre-treino - Horus","Enabled","0.50","https://suplescore.com.br/categorias/pre-treino/max-titanium-horus-300g"
"SS | Search | Outros PA | Teste","Pre-treino - Evora","Enabled","0.50","https://suplescore.com.br/categorias/pre-treino/darkness-evora-pw-limao-150g"
"SS | Search | Outros PA | Teste","Glutamina - Integralmedica","Enabled","0.50","https://suplescore.com.br/categorias/glutamina/integralmedica-glutamina-300g"
"SS | Search | Outros PA | Teste","BCAA - Max Titanium","Enabled","0.50","https://suplescore.com.br/categorias/bcaa/max-titanium-bcaa-2400-100-capsulas"
"SS | Search | Outros PA | Teste","Melatonina - Neo Quimica (PAUSADO)","Paused","0.40","https://suplescore.com.br/categorias/melatonina/neo-quimica-melatonina-021mg-90-comprimidos"
