"Campaign","Ad group","Status","Final URL","Path 1","Path 2","Headline 1","Headline 2","Headline 3","Headline 4","Headline 5","Headline 6","Headline 7","Headline 8","Headline 9","Headline 10","Headline 11","Headline 12","Headline 13","Headline 14","Headline 15","Description 1","Description 2","Description 3","Description 4"
"SS | Search | Creatina | Teste PA","Creatina - comparacao","Enabled","https://suplescore.com.br/creatina","creatina","comparar","Compare Creatinas de 300g","Ranking de Creatina 2026","Preço por Dose Lado a Lado","Nota e Custo-Benefício","Escolha Com Dados Reais","Creatina Monohidratada","5 Marcas Comparadas","Grátis e Sem Cadastro","Critérios Públicos","Compare e Vá à Oferta","Veja os Preços Atuais","Metodologia Aberta","","","","Compare creatinas de 300g por preço por dose, nota e custo-benefício antes de comprar.","Ranking com critérios públicos. Veja os preços e siga para a loja em um clique.","Creatina monohidratada de marcas conhecidas lado a lado. Grátis e sem cadastro.","Descubra quanto custa cada dose e escolha a opção que cabe no seu orçamento."
"SS | Search | Creatina | Teste PA","Creatina - Max Titanium","Enabled","https://suplescore.com.br/creatina/max-titanium-creatina-300g","creatina","max-titanium","Creatina Max Titanium 300g","Max Titanium: Nota e Preço","Compare Antes de Comprar","Preço por Dose Calculado","Nota e Custo-Benefício","Critérios Públicos","Grátis e Sem Cadastro","Veja o Preço Atual","Compare Com Outras Marcas","Metodologia Aberta","Siga Direto Para a Oferta","Avaliação Com Dados Reais","","","","Veja nota, preço por dose e custo-benefício deste produto antes de comprar.","Compare com opções parecidas e siga para a loja em um clique. Grátis.","Avaliação com critérios públicos e preço capturado em loja real.","Descubra se o preço de hoje compensa e compare com outras marcas."
"SS | Search | Creatina | Teste PA","Creatina - Black Skull","Enabled","https://suplescore.com.br/creatina/black-skull-creatina-300g","creatina","black-skull","Creatina Black Skull 300g","Black Skull: Nota e Preço","Compare Antes de Comprar","Preço por Dose Calculado","Nota e Custo-Benefício","Critérios Públicos","Grátis e Sem Cadastro","Veja o Preço Atual","Compare Com Outras Marcas","Metodologia Aberta","Siga Direto Para a Oferta","Avaliação Com Dados Reais","","","","Veja nota, preço por dose e custo-benefício deste produto antes de comprar.","Compare com opções parecidas e siga para a loja em um clique. Grátis.","Avaliação com critérios públicos e preço capturado em loja real.","Descubra se o preço de hoje compensa e compare com outras marcas."
"SS | Search | Creatina | Teste PA","Creatina - Probiotica","Enabled","https://suplescore.com.br/creatina/probiotica-creatina-300g","creatina","probiotica","Creatina Probiótica 300g","Probiótica: Nota e Preço","Compare Antes de Comprar","Preço por Dose Calculado","Nota e Custo-Benefício","Critérios Públicos","Grátis e Sem Cadastro","Veja o Preço Atual","Compare Com Outras Marcas","Metodologia Aberta","Siga Direto Para a Oferta","Avaliação Com Dados Reais","","","","Veja nota, preço por dose e custo-benefício deste produto antes de comprar.","Compare com opções parecidas e siga para a loja em um clique. Grátis.","Avaliação com critérios públicos e preço capturado em loja real.","Descubra se o preço de hoje compensa e compare com outras marcas."
"SS | Search | Creatina | Teste PA","Creatina - Atlhetica","Enabled","https://suplescore.com.br/creatina/atlhetica-creatina-300g","creatina","atlhetica","Creatina Atlhetica 300g","Atlhetica: Nota e Preço","Compare Antes de Comprar","Preço por Dose Calculado","Nota e Custo-Benefício","Critérios Públicos","Grátis e Sem Cadastro","Veja o Preço Atual","Compare Com Outras Marcas","Metodologia Aberta","Siga Direto Para a Oferta","Avaliação Com Dados Reais","","","","Veja nota, preço por dose e custo-benefício deste produto antes de comprar.","Compare com opções parecidas e siga para a loja em um clique. Grátis.","Avaliação com critérios públicos e preço capturado em loja real.","Descubra se o preço de hoje compensa e compare com outras marcas."
"SS | Search | Creatina | Teste PA","Creatina - Optimum Nutrition","Enabled","https://suplescore.com.br/creatina/optimum-nutrition-creatine-300g","creatina","optimum","Creatina Optimum 300g","Optimum: Nota e Preço","Compare Antes de Comprar","Preço por Dose Calculado","Nota e Custo-Benefício","Critérios Públicos","Grátis e Sem Cadastro","Veja o Preço Atual","Compare Com Outras Marcas","Metodologia Aberta","Siga Direto Para a Oferta","Avaliação Com Dados Reais","","","","Veja nota, preço por dose e custo-benefício deste produto antes de comprar.","Compare com opções parecidas e siga para a loja em um clique. Grátis.","Avaliação com critérios públicos e preço capturado em loja real.","Descubra se o preço de hoje compensa e compare com outras marcas."
"SS | Search | Outros PA | Teste","Pre-treino - Horus","Enabled","https://suplescore.com.br/categorias/pre-treino/max-titanium-horus-300g","pre-treino","horus","Horus 300g: Nota e Preço","Pré-Treino Horus 300g","Compare Antes de Comprar","Preço por Dose Calculado","Nota e Custo-Benefício","Critérios Públicos","Grátis e Sem Cadastro","Veja o Preço Atual","Compare Com Outras Marcas","Metodologia Aberta","Siga Direto Para a Oferta","Avaliação Com Dados Reais","","","","Veja nota, preço por dose e custo-benefício deste produto antes de comprar.","Compare com opções parecidas e siga para a loja em um clique. Grátis.","Avaliação com critérios públicos e preço capturado em loja real.","Descubra se o preço de hoje compensa e compare com outras marcas."
"SS | Search | Outros PA | Teste","Pre-treino - Evora","Enabled","https://suplescore.com.br/categorias/pre-treino/darkness-evora-pw-limao-150g","pre-treino","evora","Évora PW 150g: Nota e Preço","Pré-Treino Évora 150g","Compare Antes de Comprar","Preço por Dose Calculado","Nota e Custo-Benefício","Critérios Públicos","Grátis e Sem Cadastro","Veja o Preço Atual","Compare Com Outras Marcas","Metodologia Aberta","Siga Direto Para a Oferta","Avaliação Com Dados Reais","","","","Veja nota, preço por dose e custo-benefício deste produto antes de comprar.","Compare com opções parecidas e siga para a loja em um clique. Grátis.","Avaliação com critérios públicos e preço capturado em loja real.","Descubra se o preço de hoje compensa e compare com outras marcas."
"SS | Search | Outros PA | Teste","Glutamina - Integralmedica","Enabled","https://suplescore.com.br/categorias/glutamina/integralmedica-glutamina-300g","glutamina","300g","Glutamina Integralmédica","Glutamina 300g: Nota e Preço","Compare Antes de Comprar","Preço por Dose Calculado","Nota e Custo-Benefício","Critérios Públicos","Grátis e Sem Cadastro","Veja o Preço Atual","Compare Com Outras Marcas","Metodologia Aberta","Siga Direto Para a Oferta","Avaliação Com Dados Reais","","","","Veja nota, preço por dose e custo-benefício deste produto antes de comprar.","Compare com opções parecidas e siga para a loja em um clique. Grátis.","Avaliação com critérios públicos e preço capturado em loja real.","Descubra se o preço de hoje compensa e compare com outras marcas."
"SS | Search | Outros PA | Teste","BCAA - Max Titanium","Enabled","https://suplescore.com.br/categorias/bcaa/max-titanium-bcaa-2400-100-capsulas","bcaa","max-titanium","BCAA Max Titanium 2400","BCAA 100 Cáps: Nota e Preço","Compare Antes de Comprar","Preço por Dose Calculado","Nota e Custo-Benefício","Critérios Públicos","Grátis e Sem Cadastro","Veja o Preço Atual","Compare Com Outras Marcas","Metodologia Aberta","Siga Direto Para a Oferta","Avaliação Com Dados Reais","","","","Veja nota, preço por dose e custo-benefício deste produto antes de comprar.","Compare com opções parecidas e siga para a loja em um clique. Grátis.","Avaliação com critérios públicos e preço capturado em loja real.","Descubra se o preço de hoje compensa e compare com outras marcas."
"SS | Search | Outros PA | Teste","Melatonina - Neo Quimica (PAUSADO)","Paused","https://suplescore.com.br/categorias/melatonina/neo-quimica-melatonina-021mg-90-comprimidos","melatonina","90","Melatonina Neo Química 90","Melatonina: Nota e Preço","Compare Antes de Comprar","Preço por Dose Calculado","Nota e Custo-Benefício","Critérios Públicos","Grátis e Sem Cadastro","Veja o Preço Atual","Compare Com Outras Marcas","Metodologia Aberta","Siga Direto Para a Oferta","Avaliação Com Dados Reais","","","","Veja nota, preço por dose e custo-benefício deste produto antes de comprar.","Compare com opções parecidas e siga para a loja em um clique. Grátis.","Avaliação com critérios públicos e preço capturado em loja real.","Descubra se o preço de hoje compensa e compare com outras marcas."
