"Campaign","Ad group","Keyword","Match type","Max CPC (BRL)","Status","Final URL"
"SS | Search | Creatina | Teste PA","Creatina - comparacao","[melhor creatina]","Exact","0.70","Enabled","https://suplescore.com.br/creatina"
"SS | Search | Creatina | Teste PA","Creatina - comparacao","""melhor creatina""","Phrase","0.70","Enabled","https://suplescore.com.br/creatina"
"SS | Search | Creatina | Teste PA","Creatina - comparacao","[qual a melhor creatina]","Exact","0.70","Enabled","https://suplescore.com.br/creatina"
"SS | Search | Creatina | Teste PA","Creatina - comparacao","[melhor creatina custo beneficio]","Exact","0.70","Enabled","https://suplescore.com.br/creatina"
"SS | Search | Creatina | Teste PA","Creatina - comparacao","""creatina custo beneficio""","Phrase","0.70","Enabled","https://suplescore.com.br/creatina"
"SS | Search | Creatina | Teste PA","Creatina - comparacao","""ranking creatina""","Phrase","0.70","Enabled","https://suplescore.com.br/creatina"
"SS | Search | Creatina | Teste PA","Creatina - comparacao","""comparar creatina""","Phrase","0.70","Enabled","https://suplescore.com.br/creatina"
"SS | Search | Creatina | Teste PA","Creatina - comparacao","[creatina 300g]","Exact","0.70","Enabled","https://suplescore.com.br/creatina"
"SS | Search | Creatina | Teste PA","Creatina - comparacao","""creatina monohidratada 300g""","Phrase","0.70","Enabled","https://suplescore.com.br/creatina"
"SS | Search | Creatina | Teste PA","Creatina - comparacao","""creatina 300g preço""","Phrase","0.70","Enabled","https://suplescore.com.br/creatina"
"SS | Search | Creatina | Teste PA","Creatina - Max Titanium","[creatina max titanium]","Exact","0.50","Enabled","https://suplescore.com.br/creatina/max-titanium-creatina-300g"
"SS | Search | Creatina | Teste PA","Creatina - Max Titanium","""creatina max titanium 300g""","Phrase","0.50","Enabled","https://suplescore.com.br/creatina/max-titanium-creatina-300g"
"SS | Search | Creatina | Teste PA","Creatina - Max Titanium","""max titanium creatina 300g""","Phrase","0.50","Enabled","https://suplescore.com.br/creatina/max-titanium-creatina-300g"
"SS | Search | Creatina | Teste PA","Creatina - Black Skull","[creatina black skull]","Exact","0.50","Enabled","https://suplescore.com.br/creatina/black-skull-creatina-300g"
"SS | Search | Creatina | Teste PA","Creatina - Black Skull","""creatina black skull 300g""","Phrase","0.50","Enabled","https://suplescore.com.br/creatina/black-skull-creatina-300g"
"SS | Search | Creatina | Teste PA","Creatina - Black Skull","""creator black skull""","Phrase","0.50","Enabled","https://suplescore.com.br/creatina/black-skull-creatina-300g"
"SS | Search | Creatina | Teste PA","Creatina - Probiotica","[creatina probiotica]","Exact","0.50","Enabled","https://suplescore.com.br/creatina/probiotica-creatina-300g"
"SS | Search | Creatina | Teste PA","Creatina - Probiotica","""creatina probiotica 300g""","Phrase","0.50","Enabled","https://suplescore.com.br/creatina/probiotica-creatina-300g"
"SS | Search | Creatina | Teste PA","Creatina - Atlhetica","[creatina atlhetica]","Exact","0.50","Enabled","https://suplescore.com.br/creatina/atlhetica-creatina-300g"
"SS | Search | Creatina | Teste PA","Creatina - Atlhetica","""creatina atlhetica 300g""","Phrase","0.50","Enabled","https://suplescore.com.br/creatina/atlhetica-creatina-300g"
"SS | Search | Creatina | Teste PA","Creatina - Atlhetica","""atlhetica creatina 100 pure""","Phrase","0.50","Enabled","https://suplescore.com.br/creatina/atlhetica-creatina-300g"
"SS | Search | Creatina | Teste PA","Creatina - Optimum Nutrition","[creatina optimum nutrition]","Exact","0.50","Enabled","https://suplescore.com.br/creatina/optimum-nutrition-creatine-300g"
"SS | Search | Creatina | Teste PA","Creatina - Optimum Nutrition","""creatina optimum nutrition 300g""","Phrase","0.50","Enabled","https://suplescore.com.br/creatina/optimum-nutrition-creatine-300g"
"SS | Search | Creatina | Teste PA","Creatina - Optimum Nutrition","""creatina micronizada optimum""","Phrase","0.50","Enabled","https://suplescore.com.br/creatina/optimum-nutrition-creatine-300g"
"SS | Search | Outros PA | Teste","Pre-treino - Horus","[horus max titanium]","Exact","0.50","Enabled","https://suplescore.com.br/categorias/pre-treino/max-titanium-horus-300g"
"SS | Search | Outros PA | Teste","Pre-treino - Horus","""pre treino horus""","Phrase","0.50","Enabled","https://suplescore.com.br/categorias/pre-treino/max-titanium-horus-300g"
"SS | Search | Outros PA | Teste","Pre-treino - Horus","""horus 300g""","Phrase","0.50","Enabled","https://suplescore.com.br/categorias/pre-treino/max-titanium-horus-300g"
"SS | Search | Outros PA | Teste","Pre-treino - Evora","[evora darkness]","Exact","0.50","Enabled","https://suplescore.com.br/categorias/pre-treino/darkness-evora-pw-limao-150g"
"SS | Search | Outros PA | Teste","Pre-treino - Evora","""pre treino evora""","Phrase","0.50","Enabled","https://suplescore.com.br/categorias/pre-treino/darkness-evora-pw-limao-150g"
"SS | Search | Outros PA | Teste","Pre-treino - Evora","""evora pw""","Phrase","0.50","Enabled","https://suplescore.com.br/categorias/pre-treino/darkness-evora-pw-limao-150g"
"SS | Search | Outros PA | Teste","Glutamina - Integralmedica","[glutamina integralmedica]","Exact","0.50","Enabled","https://suplescore.com.br/categorias/glutamina/integralmedica-glutamina-300g"
"SS | Search | Outros PA | Teste","Glutamina - Integralmedica","""glutamina integralmedica 300g""","Phrase","0.50","Enabled","https://suplescore.com.br/categorias/glutamina/integralmedica-glutamina-300g"
"SS | Search | Outros PA | Teste","Glutamina - Integralmedica","[glutamina 300g]","Exact","0.50","Enabled","https://suplescore.com.br/categorias/glutamina/integralmedica-glutamina-300g"
"SS | Search | Outros PA | Teste","BCAA - Max Titanium","[bcaa max titanium]","Exact","0.50","Enabled","https://suplescore.com.br/categorias/bcaa/max-titanium-bcaa-2400-100-capsulas"
"SS | Search | Outros PA | Teste","BCAA - Max Titanium","""bcaa 2400 max titanium""","Phrase","0.50","Enabled","https://suplescore.com.br/categorias/bcaa/max-titanium-bcaa-2400-100-capsulas"
"SS | Search | Outros PA | Teste","BCAA - Max Titanium","""bcaa max titanium 100 capsulas""","Phrase","0.50","Enabled","https://suplescore.com.br/categorias/bcaa/max-titanium-bcaa-2400-100-capsulas"
"SS | Search | Outros PA | Teste","Melatonina - Neo Quimica (PAUSADO)","[melatonina neo quimica]","Exact","0.40","Paused","https://suplescore.com.br/categorias/melatonina/neo-quimica-melatonina-021mg-90-comprimidos"
"SS | Search | Outros PA | Teste","Melatonina - Neo Quimica (PAUSADO)","""melatonina neo quimica 90""","Phrase","0.40","Paused","https://suplescore.com.br/categorias/melatonina/neo-quimica-melatonina-021mg-90-comprimidos"
