"Level","Campaign","Ad group","Negative keyword","Match type","Motivo"
"Lista compartilhada","(ambas)","","gratis","Phrase","sem intenção de compra"
"Lista compartilhada","(ambas)","","amostra","Phrase","sem intenção de compra"
"Lista compartilhada","(ambas)","","como tomar","Phrase","informacional / uso"
"Lista compartilhada","(ambas)","","para que serve","Phrase","informacional / saúde"
"Lista compartilhada","(ambas)","","o que é","Phrase","informacional"
"Lista compartilhada","(ambas)","","beneficios","Phrase","saúde / claims"
"Lista compartilhada","(ambas)","","faz mal","Phrase","saúde"
"Lista compartilhada","(ambas)","","efeitos colaterais","Phrase","saúde"
"Lista compartilhada","(ambas)","","contraindicação","Phrase","saúde"
"Lista compartilhada","(ambas)","","rim","Phrase","saúde"
"Lista compartilhada","(ambas)","","rins","Phrase","saúde"
"Lista compartilhada","(ambas)","","queda de cabelo","Phrase","saúde"
"Lista compartilhada","(ambas)","","engorda","Phrase","saúde / estética"
"Lista compartilhada","(ambas)","","emagrecer","Phrase","saúde / estética"
"Lista compartilhada","(ambas)","","gravida","Phrase","saúde"
"Lista compartilhada","(ambas)","","gestante","Phrase","saúde"
"Lista compartilhada","(ambas)","","criança","Phrase","público fora do alvo"
"Lista compartilhada","(ambas)","","bula","Phrase","informacional"
"Lista compartilhada","(ambas)","","anvisa","Phrase","regulatório / informacional"
"Lista compartilhada","(ambas)","","receita","Phrase","informacional"
"Lista compartilhada","(ambas)","","caseira","Phrase","informacional"
"Lista compartilhada","(ambas)","","pdf","Phrase","informacional"
"Lista compartilhada","(ambas)","","artigo","Phrase","informacional"
"Lista compartilhada","(ambas)","","estudo","Phrase","informacional"
"Lista compartilhada","(ambas)","","tcc","Phrase","informacional"
"Lista compartilhada","(ambas)","","doping","Phrase","saúde / regulatório"
"Lista compartilhada","(ambas)","","atacado","Phrase","B2B"
"Lista compartilhada","(ambas)","","revenda","Phrase","B2B"
"Lista compartilhada","(ambas)","","fornecedor","Phrase","B2B"
"Lista compartilhada","(ambas)","","distribuidor","Phrase","B2B"
"Lista compartilhada","(ambas)","","emprego","Phrase","vagas"
"Lista compartilhada","(ambas)","","vagas","Phrase","vagas"
"Lista compartilhada","(ambas)","","reclame aqui","Phrase","reclamação / suporte"
"Lista compartilhada","(ambas)","","sac","Exact","suporte"
"Lista compartilhada","(ambas)","","perto de mim","Phrase","loja física"
"Lista compartilhada","(ambas)","","loja fisica","Phrase","loja física"
"Lista compartilhada","(ambas)","","mercado livre","Phrase","destino do clique não é esta loja"
"Lista compartilhada","(ambas)","","shopee","Phrase","destino do clique não é esta loja"
"Lista compartilhada","(ambas)","","magalu","Phrase","destino do clique não é esta loja"
"Lista compartilhada","(ambas)","","magazine luiza","Phrase","destino do clique não é esta loja"
"Lista compartilhada","(ambas)","","americanas","Phrase","destino do clique não é esta loja"
"Lista compartilhada","(ambas)","","netshoes","Phrase","destino do clique não é esta loja"
"Lista compartilhada","(ambas)","","centauro","Phrase","destino do clique não é esta loja"
"Lista compartilhada","(ambas)","","drogasil","Phrase","destino do clique não é esta loja"
"Lista compartilhada","(ambas)","","droga raia","Phrase","destino do clique não é esta loja"
"Campanha","SS | Search | Creatina | Teste PA","","capsula","Phrase","vitrine só tem creatina em pó"
"Campanha","SS | Search | Creatina | Teste PA","","capsulas","Phrase","vitrine só tem creatina em pó"
"Campanha","SS | Search | Creatina | Teste PA","","gummy","Phrase","formato fora da vitrine"
"Campanha","SS | Search | Creatina | Teste PA","","goma","Phrase","formato fora da vitrine"
"Campanha","SS | Search | Creatina | Teste PA","","1kg","Phrase","tamanho fora da vitrine"
"Campanha","SS | Search | Creatina | Teste PA","","500g","Phrase","tamanho fora da vitrine"
"Campanha","SS | Search | Creatina | Teste PA","","100g","Phrase","tamanho fora da vitrine"
"Campanha","SS | Search | Creatina | Teste PA","","150g","Phrase","tamanho fora da vitrine"
"Campanha","SS | Search | Creatina | Teste PA","","hcl","Phrase","tipo fora da vitrine"
"Campanha","SS | Search | Creatina | Teste PA","","kre alkalyn","Phrase","tipo fora da vitrine"
"Campanha","SS | Search | Creatina | Teste PA","","creapure","Phrase","linha fora da vitrine atual"
"Campanha","SS | Search | Creatina | Teste PA","","cavalo","Phrase","uso veterinário"
"Campanha","SS | Search | Creatina | Teste PA","","growth","Phrase","marca sem creatina visível hoje"
"Campanha","SS | Search | Creatina | Teste PA","","integralmedica","Phrase","creatina da marca fora da vitrine"
"Campanha","SS | Search | Creatina | Teste PA","","dux","Phrase","marca fora da vitrine"
"Campanha","SS | Search | Creatina | Teste PA","","vitafor","Phrase","marca fora da vitrine"
"Campanha","SS | Search | Creatina | Teste PA","","darkness","Phrase","creatina da marca fora da vitrine"
"Grupo","SS | Search | Creatina | Teste PA","Creatina - comparacao","max titanium","Phrase","busca de marca vai para o grupo da marca"
"Grupo","SS | Search | Creatina | Teste PA","Creatina - comparacao","black skull","Phrase","busca de marca vai para o grupo da marca"
"Grupo","SS | Search | Creatina | Teste PA","Creatina - comparacao","probiotica","Phrase","busca de marca vai para o grupo da marca"
"Grupo","SS | Search | Creatina | Teste PA","Creatina - comparacao","atlhetica","Phrase","busca de marca vai para o grupo da marca"
"Grupo","SS | Search | Creatina | Teste PA","Creatina - comparacao","optimum","Phrase","busca de marca vai para o grupo da marca"
"Campanha","SS | Search | Outros PA | Teste","","caseiro","Phrase","informacional"
"Campanha","SS | Search | Outros PA | Teste","","natural","Phrase","linha fora da vitrine"
"Campanha","SS | Search | Outros PA | Teste","","sem cafeina","Phrase","Horus e Évora têm cafeína"
"Campanha","SS | Search | Outros PA | Teste","","pressão alta","Phrase","saúde"
"Campanha","SS | Search | Outros PA | Teste","","hipertenso","Phrase","saúde"
"Campanha","SS | Search | Outros PA | Teste","","dmaa","Phrase","regulatório"
"Campanha","SS | Search | Outros PA | Teste","","proibido","Phrase","regulatório"
"Campanha","SS | Search | Outros PA | Teste","","insonia","Phrase","saúde (melatonina)"
"Campanha","SS | Search | Outros PA | Teste","","dormir","Phrase","claim de saúde (melatonina)"
"Campanha","SS | Search | Outros PA | Teste","","sono","Phrase","claim de saúde (melatonina)"
"Campanha","SS | Search | Outros PA | Teste","","ansiedade","Phrase","saúde"
