"keyword","intent","priority"
"creatina melhor custo beneficio","commercial","high"
"creatina comparação de preços","commercial","high"
"creatina preço por dose","commercial","high"
"creatina vale a pena comprar","commercial","high"
"creatina ranking nacional","commercial","high"
"creatina melhor marca","commercial","high"
"creatina barato e bom","commercial","high"
"creatina para iniciantes","commercial","high"
"creatina como escolher","commercial","high"
"creatina comparador online","commercial","high"
"creatina melhor avaliado","commercial","high"
"creatina custo por porção","commercial","high"
"creatina sem pagar caro","commercial","high"
"creatina melhor oferta","commercial","high"
"creatina análise do rótulo","commercial","high"
"creatina mais transparente","commercial","high"
"creatina antes de comprar","commercial","high"
"whey protein melhor custo beneficio","commercial","high"
"whey protein comparação de preços","commercial","high"
"whey protein preço por dose","commercial","high"
"whey protein vale a pena comprar","commercial","high"
"whey protein ranking nacional","commercial","high"
"whey protein melhor marca","commercial","high"
"whey protein barato e bom","commercial","high"
"whey protein para iniciantes","commercial","high"
"whey protein como escolher","commercial","high"
"whey protein comparador online","commercial","high"
"whey protein melhor avaliado","commercial","high"
"whey protein custo por porção","commercial","high"
"whey protein sem pagar caro","commercial","high"
"whey protein melhor oferta","commercial","high"
"whey protein análise do rótulo","commercial","high"
"whey protein mais transparente","commercial","high"
"whey protein antes de comprar","commercial","high"
"pré treino melhor custo beneficio","commercial","high"
"pré treino comparação de preços","commercial","high"
"pré treino preço por dose","commercial","high"
"pré treino vale a pena comprar","commercial","high"
"pré treino ranking nacional","commercial","high"
"pré treino melhor marca","commercial","high"
"pré treino barato e bom","commercial","high"
"pré treino para iniciantes","commercial","high"
"pré treino como escolher","commercial","high"
"pré treino comparador online","commercial","high"
"pré treino melhor avaliado","commercial","high"
"pré treino custo por porção","commercial","high"
"pré treino sem pagar caro","commercial","high"
"pré treino melhor oferta","commercial","high"
"pré treino análise do rótulo","commercial","high"
"pré treino mais transparente","commercial","high"
"pré treino antes de comprar","commercial","high"
"omega 3 melhor custo beneficio","commercial","high"
"omega 3 comparação de preços","commercial","high"
"omega 3 preço por dose","commercial","high"
"omega 3 vale a pena comprar","commercial","high"
"omega 3 ranking nacional","commercial","high"
"omega 3 melhor marca","commercial","high"
"omega 3 barato e bom","commercial","high"
"omega 3 para iniciantes","commercial","high"
"omega 3 como escolher","commercial","high"
"omega 3 comparador online","commercial","high"
"omega 3 melhor avaliado","commercial","high"
"omega 3 custo por porção","commercial","high"
"omega 3 sem pagar caro","commercial","high"
"omega 3 melhor oferta","commercial","high"
"omega 3 análise do rótulo","commercial","high"
"omega 3 mais transparente","commercial","high"
"omega 3 antes de comprar","commercial","high"
"cafeina melhor custo beneficio","commercial","high"
"cafeina comparação de preços","commercial","high"
"cafeina preço por dose","commercial","high"
"cafeina vale a pena comprar","commercial","high"
"cafeina ranking nacional","commercial","high"
"cafeina melhor marca","commercial","high"
"cafeina barato e bom","commercial","high"
"cafeina para iniciantes","commercial","high"
"cafeina como escolher","commercial","high"
"cafeina comparador online","commercial","high"
"cafeina melhor avaliado","commercial","high"
"cafeina custo por porção","commercial","high"
"cafeina sem pagar caro","commercial","high"
"cafeina melhor oferta","commercial","high"
"cafeina análise do rótulo","commercial","high"
"cafeina mais transparente","commercial","high"
"cafeina antes de comprar","commercial","high"
"suplemento melhor custo beneficio","commercial","high"
"suplemento comparação de preços","commercial","high"
"suplemento preço por dose","commercial","high"
"suplemento vale a pena comprar","commercial","high"
"suplemento ranking nacional","commercial","high"
"suplemento melhor marca","commercial","high"
"suplemento barato e bom","commercial","high"
"suplemento para iniciantes","commercial","high"
"suplemento como escolher","commercial","high"
"suplemento comparador online","commercial","high"
"suplemento melhor avaliado","commercial","high"
"suplemento custo por porção","commercial","high"
"suplemento sem pagar caro","commercial","high"
"suplemento melhor oferta","commercial","high"
"suplemento análise do rótulo","commercial","high"

